eval_loss,f1_score,precision,recall,type_algo,algo
0.203050697502653,0.6668138174594416,0.666005291005291,0.6676243093922652,bert,bert-base-cased
0.19717486351521765,0.7219760744350908,0.7284309342869915,0.7156346069389548,camembert,camembert-base
0.22953640767560443,0.6024653312788905,0.600087700065775,0.6048618784530386,roberta,roberta-base
0.2143270180363017,0.6231932773109243,0.6320454545454546,0.614585635359116,distilbert,distilbert-base-cased
0.2743343245935589,0.3902855748108372,0.4402533039647577,0.3505041648399825,electra,google/electra-base-discriminator
0.20244836895216395,0.697999569799957,0.6837336704593342,0.7128734622144113,xlmroberta,xlm-roberta-base
